claim_id,map,claim,source_path,source_symbol,line_start,line_end,evidence_type,confidence,source_note
01-E01–E02-1,01-system-context.md,E01–E02: browser bootstrap and route tree in [`client/src/main.tsx`](../../client/src/main.tsx) and [`client/src/App.tsx`](../../client/src/App.tsx); client helpers include [`client/src/lib/billyApi.ts`](../../client/src/lib/billyApi.ts) and [`client/src/lib/diApi.ts`](../../client/src/lib/diApi.ts).,client/src/main.tsx,`client/src/main.tsx`,,,Direct code path,high,
01-E01–E02-2,01-system-context.md,E01–E02: browser bootstrap and route tree in [`client/src/main.tsx`](../../client/src/main.tsx) and [`client/src/App.tsx`](../../client/src/App.tsx); client helpers include [`client/src/lib/billyApi.ts`](../../client/src/lib/billyApi.ts) and [`client/src/lib/diApi.ts`](../../client/src/lib/diApi.ts).,client/src/App.tsx,`client/src/App.tsx`,,,Direct code path,high,
01-E01–E02-3,01-system-context.md,E01–E02: browser bootstrap and route tree in [`client/src/main.tsx`](../../client/src/main.tsx) and [`client/src/App.tsx`](../../client/src/App.tsx); client helpers include [`client/src/lib/billyApi.ts`](../../client/src/lib/billyApi.ts) and [`client/src/lib/diApi.ts`](../../client/src/lib/diApi.ts).,client/src/lib/billyApi.ts,`client/src/lib/billyApi.ts`,,,Direct code path,high,
01-E01–E02-4,01-system-context.md,E01–E02: browser bootstrap and route tree in [`client/src/main.tsx`](../../client/src/main.tsx) and [`client/src/App.tsx`](../../client/src/App.tsx); client helpers include [`client/src/lib/billyApi.ts`](../../client/src/lib/billyApi.ts) and [`client/src/lib/diApi.ts`](../../client/src/lib/diApi.ts).,client/src/lib/diApi.ts,`client/src/lib/diApi.ts`,,,Direct code path,high,
01-E03-1,01-system-context.md,E03: Vite dev proxy in [`vite.config.ts`](../../vite.config.ts). The target is configurable; a local browser run is not evidence that it reaches the v3 handlers.,vite.config.ts,`vite.config.ts`,,,Configuration-dependent,medium,
01-E04-1,01-system-context.md,"E04: shared Supabase access in [`api/_lib/supabase.ts`](../../api/_lib/supabase.ts), plus `api/di.ts` and Codex persistence.",api/_lib/supabase.ts,`api/_lib/supabase.ts`,,,Direct code path,high,
01-E05-1,01-system-context.md,E05: provider registry/cascade in [`api/_lib/llmRouter.ts`](../../api/_lib/llmRouter.ts).,api/_lib/llmRouter.ts,`api/_lib/llmRouter.ts`,,,Unresolved,high,
01-E06-1,01-system-context.md,E06: [`api/voice/billy.ts`](../../api/voice/billy.ts) calls Deepgram and returns WAV.,api/voice/billy.ts,`api/voice/billy.ts`,,,Direct code path,high,
01-E07-1,01-system-context.md,"E07: [`instrument.js`](../../instrument.js), [`api/_lib/sentry.ts`](../../api/_lib/sentry.ts), and `traceBraintrust` use in the model/voice paths.",instrument.js,`instrument.js`,,,Configuration-dependent,medium,
01-E07-2,01-system-context.md,"E07: [`instrument.js`](../../instrument.js), [`api/_lib/sentry.ts`](../../api/_lib/sentry.ts), and `traceBraintrust` use in the model/voice paths.",api/_lib/sentry.ts,`api/_lib/sentry.ts`,,,Configuration-dependent,medium,
01-E08-1,01-system-context.md,E08: [`vercel.json`](../../vercel.json) names four cron routes; deployment is not verified.,vercel.json,`vercel.json`,,,Configuration-dependent,high,
01-E09-1,01-system-context.md,E09: [`supabase/config.toml`](../../supabase/config.toml) enables five Edge Functions; several have JWT verification disabled and implement a separate shared-secret boundary.,supabase/config.toml,`supabase/config.toml`,,,Configuration-dependent,high,
01-E10-1,01-system-context.md,E10: [`.github/workflows/main_gestaltview.yml`](../../.github/workflows/main_gestaltview.yml) and the manual ingestion workflows declare CI/deployment paths. The Azure target and Vercel config coexist; active production ownership is unresolved.,.github/workflows/main_gestaltview.yml,`.github/workflows/main_gestaltview.yml`,,,Configuration-dependent,high,
01-E11-1,01-system-context.md,E11: [`server/index.ts`](../../server/index.ts) serves static files and a guarded Sentry debug route. It does not mount API handlers.,server/index.ts,`server/index.ts`,,,Direct code path,high,
02-E01–E03-1,02-client-surfaces.md,E01–E03: bootstrap/provider and route composition in [`client/src/main.tsx`](../../client/src/main.tsx) and [`client/src/App.tsx`](../../client/src/App.tsx).,client/src/main.tsx,`client/src/main.tsx`,,,Direct code path,high,
02-E01–E03-2,02-client-surfaces.md,E01–E03: bootstrap/provider and route composition in [`client/src/main.tsx`](../../client/src/main.tsx) and [`client/src/App.tsx`](../../client/src/App.tsx).,client/src/App.tsx,`client/src/App.tsx`,,,Direct code path,high,
02-E04-1,02-client-surfaces.md,E04: 115 unique literal route values extracted from [`client/src/App.tsx`](../../client/src/App.tsx); [`inventory.json`](inventory.json) records each path and source line. The catch-all is separate.,client/src/App.tsx,`client/src/App.tsx`,,,Direct code path,high,
02-E04-2,02-client-surfaces.md,E04: 115 unique literal route values extracted from [`client/src/App.tsx`](../../client/src/App.tsx); [`inventory.json`](inventory.json) records each path and source line. The catch-all is separate.,docs/architecture-atlas/inventory.json,`inventory.json`,,,Direct code path,high,
02-E05–E06-1,02-client-surfaces.md,E05–E06: [`client/src/contexts/AuthContext.tsx`](../../client/src/contexts/AuthContext.tsx) reads session state and `/api/auth/session`; session endpoints are under [`api/auth/`](../../api/auth/).,client/src/contexts/AuthContext.tsx,`client/src/contexts/AuthContext.tsx`,,,Direct code path,high,
02-E13-1,02-client-surfaces.md,E13: [`client/src/lib/agentTrainerAccess.ts`](../../client/src/lib/agentTrainerAccess.ts) contains the founder/admin access decision used by trainer UI.,client/src/lib/agentTrainerAccess.ts,`client/src/lib/agentTrainerAccess.ts`,,,Direct code path,high,
02-E14-1,02-client-surfaces.md,E14: [`api/trainer/_helpers.ts`](../../api/trainer/_helpers.ts) separately enforces founder/admin access for protected trainer handlers.,api/trainer/_helpers.ts,`api/trainer/_helpers.ts`,,,Direct code path,high,
03-E01-1,03-api-surface.md,"E01: client API helpers including [`client/src/lib/billyApi.ts`](../../client/src/lib/billyApi.ts), [`client/src/lib/diApi.ts`](../../client/src/lib/diApi.ts), and feature-specific components.",client/src/lib/billyApi.ts,`client/src/lib/billyApi.ts`,,,Direct code path,high,
03-E01-2,03-api-surface.md,"E01: client API helpers including [`client/src/lib/billyApi.ts`](../../client/src/lib/billyApi.ts), [`client/src/lib/diApi.ts`](../../client/src/lib/diApi.ts), and feature-specific components.",client/src/lib/diApi.ts,`client/src/lib/diApi.ts`,,,Direct code path,high,
03-E02-1,03-api-surface.md,"E02: [`inventory.json`](inventory.json) enumerates the 169 default-export handler candidates from `api/` and groups them by file path. The large families include trainer (29), actions (16), Gen Engine (12), gate (11), modules (10), and Codex (8); remaining families are also retained.",docs/architecture-atlas/inventory.json,`inventory.json`,,,Direct code path,high,
03-E03-1,03-api-surface.md,"E03: [`api/_lib/auth.ts`](../../api/_lib/auth.ts), [`api/_lib/supabase.ts`](../../api/_lib/supabase.ts), and [`api/_lib/llmRouter.ts`](../../api/_lib/llmRouter.ts) centralize auth, data, and provider behavior.",api/_lib/auth.ts,`api/_lib/auth.ts`,,,Direct code path,high,
03-E03-2,03-api-surface.md,"E03: [`api/_lib/auth.ts`](../../api/_lib/auth.ts), [`api/_lib/supabase.ts`](../../api/_lib/supabase.ts), and [`api/_lib/llmRouter.ts`](../../api/_lib/llmRouter.ts) centralize auth, data, and provider behavior.",api/_lib/supabase.ts,`api/_lib/supabase.ts`,,,Direct code path,high,
03-E03-3,03-api-surface.md,"E03: [`api/_lib/auth.ts`](../../api/_lib/auth.ts), [`api/_lib/supabase.ts`](../../api/_lib/supabase.ts), and [`api/_lib/llmRouter.ts`](../../api/_lib/llmRouter.ts) centralize auth, data, and provider behavior.",api/_lib/llmRouter.ts,`api/_lib/llmRouter.ts`,,,Direct code path,high,
03-E04–E05-1,03-api-surface.md,E04–E05: [actions catch-all handler](../../api/actions/%5B...path%5D.ts) and [`api/_lib/actionsHandler.ts`](../../api/_lib/actionsHandler.ts).,api/actions/[...path].ts,actions catch-all handler,,,Direct code path,high,
03-E04–E05-2,03-api-surface.md,E04–E05: [actions catch-all handler](../../api/actions/%5B...path%5D.ts) and [`api/_lib/actionsHandler.ts`](../../api/_lib/actionsHandler.ts).,api/_lib/actionsHandler.ts,`api/_lib/actionsHandler.ts`,,,Direct code path,high,
03-E06-1,03-api-surface.md,E06: [`api/billy.ts`](../../api/billy.ts).,api/billy.ts,`api/billy.ts`,,,Direct code path,high,
03-E07-1,03-api-surface.md,E07: [`api/di.ts`](../../api/di.ts).,api/di.ts,`api/di.ts`,,,Direct code path,high,
03-E08-1,03-api-surface.md,E08: trainer handlers include [`api/trainer/agents.ts`](../../api/trainer/agents.ts) and the shared checks in [`api/trainer/_helpers.ts`](../../api/trainer/_helpers.ts).,api/trainer/agents.ts,`api/trainer/agents.ts`,,,Direct code path,high,
03-E08-2,03-api-surface.md,E08: trainer handlers include [`api/trainer/agents.ts`](../../api/trainer/agents.ts) and the shared checks in [`api/trainer/_helpers.ts`](../../api/trainer/_helpers.ts).,api/trainer/_helpers.ts,`api/trainer/_helpers.ts`,,,Direct code path,high,
03-E09-1,03-api-surface.md,E09: the artifact handler is [`api/gen-engine/artifacts.ts`](../../api/gen-engine/artifacts.ts).,api/gen-engine/artifacts.ts,`api/gen-engine/artifacts.ts`,,,Direct code path,high,
03-E10-1,03-api-surface.md,E10: the Codex forge handler is [`api/codex/forge.ts`](../../api/codex/forge.ts).,api/codex/forge.ts,`api/codex/forge.ts`,,,Direct code path,high,
03-E11–E12-1,03-api-surface.md,E11–E12: [`vercel.json`](../../vercel.json) lists cron paths; [`api/cron/codex-drain.ts`](../../api/cron/codex-drain.ts) is one matched handler.,vercel.json,`vercel.json`,,,Configuration-dependent,high,
03-E11–E12-2,03-api-surface.md,E11–E12: [`vercel.json`](../../vercel.json) lists cron paths; [`api/cron/codex-drain.ts`](../../api/cron/codex-drain.ts) is one matched handler.,api/cron/codex-drain.ts,`api/cron/codex-drain.ts`,,,Configuration-dependent,high,
03-E13-1,03-api-surface.md,"E13: [`vercel.json`](../../vercel.json) and [`package.json`](../../package.json) establish build/deployment configuration, but no production endpoint probe was performed.",vercel.json,`vercel.json`,,,Unresolved,medium,
03-E13-2,03-api-surface.md,"E13: [`vercel.json`](../../vercel.json) and [`package.json`](../../package.json) establish build/deployment configuration, but no production endpoint probe was performed.",package.json,`package.json`,,,Unresolved,medium,
04-E01–E05-1,04-auth-and-trust.md,"E01–E05: browser auth synchronization in [`client/src/lib/supabaseAuth.ts`](../../client/src/lib/supabaseAuth.ts), state handling in [`client/src/contexts/AuthContext.tsx`](../../client/src/contexts/AuthContext.tsx), and endpoints under [`api/auth/`](../../api/auth/).",client/src/lib/supabaseAuth.ts,`client/src/lib/supabaseAuth.ts`,,,Direct code path,high,
04-E01–E05-2,04-auth-and-trust.md,"E01–E05: browser auth synchronization in [`client/src/lib/supabaseAuth.ts`](../../client/src/lib/supabaseAuth.ts), state handling in [`client/src/contexts/AuthContext.tsx`](../../client/src/contexts/AuthContext.tsx), and endpoints under [`api/auth/`](../../api/auth/).",client/src/contexts/AuthContext.tsx,`client/src/contexts/AuthContext.tsx`,,,Direct code path,high,
04-E06–E07-1,04-auth-and-trust.md,E06–E07: [`api/_lib/auth.ts`](../../api/_lib/auth.ts) implements token/session parsing and server guard helpers.,api/_lib/auth.ts,`api/_lib/auth.ts`,,,Direct code path,high,
04-E08-1,04-auth-and-trust.md,E08: [`api/billy.ts`](../../api/billy.ts#L498) resolves the user and falls back to a guest identifier; its `diagnose` branch additionally checks a shared secret.,api/billy.ts,,498,498,Direct code path,high,
04-E09-1,04-auth-and-trust.md,E09: [`api/di.ts`](../../api/di.ts#L176) resolves identity only when a bearer token is present; anonymous sessions can continue for an active DI profile.,api/di.ts,,176,176,Direct code path,high,
04-E10-1,04-auth-and-trust.md,E10: [`api/trainer/_helpers.ts`](../../api/trainer/_helpers.ts) and [`api/trainer/agents.ts`](../../api/trainer/agents.ts).,api/trainer/_helpers.ts,`api/trainer/_helpers.ts`,,,Direct code path,high,
04-E10-2,04-auth-and-trust.md,E10: [`api/trainer/_helpers.ts`](../../api/trainer/_helpers.ts) and [`api/trainer/agents.ts`](../../api/trainer/agents.ts).,api/trainer/agents.ts,`api/trainer/agents.ts`,,,Direct code path,high,
04-E11-1,04-auth-and-trust.md,"E11: [`api/orchestrator/execute.ts`](../../api/orchestrator/execute.ts#L118) uses method/body handling and writes rows, but this handler does not import or call the shared auth guard. No statement is made here about provider-level or external gateway protection.",api/orchestrator/execute.ts,,118,118,Unresolved,medium,
04-E12-1,04-auth-and-trust.md,"E12: [`api/cron/codex-drain.ts`](../../api/cron/codex-drain.ts#L43) checks Vercel cron headers, configured bearer secret, or non-production mode before processing.",api/cron/codex-drain.ts,,43,43,Configuration-dependent,high,
04-E13–E14-1,04-auth-and-trust.md,E13–E14: [`supabase/config.toml`](../../supabase/config.toml) disables platform JWT verification for enabled functions; [`supabase/functions/_shared/auth.ts`](../../supabase/functions/_shared/auth.ts) provides the code-level shared-secret verifier. Each function's use must be checked individually.,supabase/config.toml,`supabase/config.toml`,,,Configuration-dependent,high,
04-E13–E14-2,04-auth-and-trust.md,E13–E14: [`supabase/config.toml`](../../supabase/config.toml) disables platform JWT verification for enabled functions; [`supabase/functions/_shared/auth.ts`](../../supabase/functions/_shared/auth.ts) provides the code-level shared-secret verifier. Each function's use must be checked individually.,supabase/functions/_shared/auth.ts,`supabase/functions/_shared/auth.ts`,,,Configuration-dependent,high,
05-E01–E04-1,05-billy-di-runtime.md,E01–E04: client helpers [`client/src/lib/billyApi.ts`](../../client/src/lib/billyApi.ts) and [`client/src/lib/diApi.ts`](../../client/src/lib/diApi.ts) call [`api/billy.ts`](../../api/billy.ts) and [`api/di.ts`](../../api/di.ts).,client/src/lib/billyApi.ts,`client/src/lib/billyApi.ts`,,,Direct code path,high,
05-E01–E04-2,05-billy-di-runtime.md,E01–E04: client helpers [`client/src/lib/billyApi.ts`](../../client/src/lib/billyApi.ts) and [`client/src/lib/diApi.ts`](../../client/src/lib/diApi.ts) call [`api/billy.ts`](../../api/billy.ts) and [`api/di.ts`](../../api/di.ts).,client/src/lib/diApi.ts,`client/src/lib/diApi.ts`,,,Direct code path,high,
05-E01–E04-3,05-billy-di-runtime.md,E01–E04: client helpers [`client/src/lib/billyApi.ts`](../../client/src/lib/billyApi.ts) and [`client/src/lib/diApi.ts`](../../client/src/lib/diApi.ts) call [`api/billy.ts`](../../api/billy.ts) and [`api/di.ts`](../../api/di.ts).,api/billy.ts,`api/billy.ts`,,,Direct code path,high,
05-E01–E04-4,05-billy-di-runtime.md,E01–E04: client helpers [`client/src/lib/billyApi.ts`](../../client/src/lib/billyApi.ts) and [`client/src/lib/diApi.ts`](../../client/src/lib/diApi.ts) call [`api/billy.ts`](../../api/billy.ts) and [`api/di.ts`](../../api/di.ts).,api/di.ts,`api/di.ts`,,,Direct code path,high,
05-E05-1,05-billy-di-runtime.md,E05: Billy bootstrap branch and model dispatch in [`api/billy.ts`](../../api/billy.ts#L552).,api/billy.ts,,552,552,Direct code path,high,
05-E06–E08-1,05-billy-di-runtime.md,"E06–E08: Billy embedding/retrieval starts at [`api/billy.ts`](../../api/billy.ts#L683); semantic and lexical knowledge/skill searches run in parallel when an embedding exists, and retrieval exceptions trigger a text-only retry at [`api/billy.ts`](../../api/billy.ts#L766).",api/billy.ts,,683,683,Optional/degraded,high,
05-E06–E08-2,05-billy-di-runtime.md,"E06–E08: Billy embedding/retrieval starts at [`api/billy.ts`](../../api/billy.ts#L683); semantic and lexical knowledge/skill searches run in parallel when an embedding exists, and retrieval exceptions trigger a text-only retry at [`api/billy.ts`](../../api/billy.ts#L766).",api/billy.ts,,766,766,Optional/degraded,high,
05-E09-1,05-billy-di-runtime.md,"E09: prompt composition, non-fatal SymbioCoder enrichment, and provider call in [`api/billy.ts`](../../api/billy.ts#L819).",api/billy.ts,,819,819,Direct code path,high,
05-E10–E11-1,05-billy-di-runtime.md,E10–E11: DI active-profile check and optional bearer identity in [`api/di.ts`](../../api/di.ts#L154); embedding/search fallback and optional memory retrieval in [`api/di.ts`](../../api/di.ts#L216).,api/di.ts,,154,154,Direct code path,high,
05-E10–E11-2,05-billy-di-runtime.md,E10–E11: DI active-profile check and optional bearer identity in [`api/di.ts`](../../api/di.ts#L154); embedding/search fallback and optional memory retrieval in [`api/di.ts`](../../api/di.ts#L216).,api/di.ts,,216,216,Direct code path,high,
05-E12–E14-1,05-billy-di-runtime.md,E12–E14: provider order is in [`api/_lib/llmRouter.ts`](../../api/_lib/llmRouter.ts#L60); unconfigured providers are skipped and no-provider/all-fail paths return offline fallback at [`api/_lib/llmRouter.ts`](../../api/_lib/llmRouter.ts#L598).,api/_lib/llmRouter.ts,,60,60,Configuration-dependent,high,
05-E12–E14-2,05-billy-di-runtime.md,E12–E14: provider order is in [`api/_lib/llmRouter.ts`](../../api/_lib/llmRouter.ts#L60); unconfigured providers are skipped and no-provider/all-fail paths return offline fallback at [`api/_lib/llmRouter.ts`](../../api/_lib/llmRouter.ts#L598).,api/_lib/llmRouter.ts,,598,598,Configuration-dependent,high,
05-E15-1,05-billy-di-runtime.md,E15: Billy captures memories and asynchronously records session closeout in [`api/billy.ts`](../../api/billy.ts#L914).,api/billy.ts,,914,914,Direct code path,high,
05-E16-1,05-billy-di-runtime.md,E16: signed-in DI users update `di_sessions`; non-bootstrap exchanges can produce `di_memory_events` in [`api/di.ts`](../../api/di.ts#L314).,api/di.ts,,314,314,Configuration-dependent,high,
06-E01–E03-1,06-knowledge-and-memory.md,"E01–E03: [`scripts/ingest_corpus_v2.py`](../../scripts/ingest_corpus_v2.py#L72) chunks input, writes `processing_runs`, documents, and `knowledge_fragments` (see lines 97–166). Successful execution against a live corpus was not tested.",scripts/ingest_corpus_v2.py,,72,72,Direct code path,high,
06-E04–E05-1,06-knowledge-and-memory.md,E04–E05: skill-fragment data is handled by the shared retrieval helpers and trainer ingestion path; see [`api/_lib/supabase.ts`](../../api/_lib/supabase.ts#L790) and the ingestion workflow declaration [`.github/workflows/ingest_agent_files.yml`](../../.github/workflows/ingest_agent_files.yml).,api/_lib/supabase.ts,,790,790,Configuration-dependent,medium,
06-E04–E05-2,06-knowledge-and-memory.md,E04–E05: skill-fragment data is handled by the shared retrieval helpers and trainer ingestion path; see [`api/_lib/supabase.ts`](../../api/_lib/supabase.ts#L790) and the ingestion workflow declaration [`.github/workflows/ingest_agent_files.yml`](../../.github/workflows/ingest_agent_files.yml).,.github/workflows/ingest_agent_files.yml,`.github/workflows/ingest_agent_files.yml`,,,Configuration-dependent,medium,
06-E06–E09-1,06-knowledge-and-memory.md,E06–E09: Billy semantic/text paths in [`api/billy.ts`](../../api/billy.ts#L683) and shared Supabase RPC/search wrappers in [`api/_lib/supabase.ts`](../../api/_lib/supabase.ts#L720). The base knowledge/vector schema begins in [`supabase/migrations/20260311162044_new-migration.sql`](../../supabase/migrations/20260311162044_new-migration.sql#L161).,api/billy.ts,,683,683,Direct code path,high,
06-E06–E09-2,06-knowledge-and-memory.md,E06–E09: Billy semantic/text paths in [`api/billy.ts`](../../api/billy.ts#L683) and shared Supabase RPC/search wrappers in [`api/_lib/supabase.ts`](../../api/_lib/supabase.ts#L720). The base knowledge/vector schema begins in [`supabase/migrations/20260311162044_new-migration.sql`](../../supabase/migrations/20260311162044_new-migration.sql#L161).,api/_lib/supabase.ts,,720,720,Direct code path,high,
06-E06–E09-3,06-knowledge-and-memory.md,E06–E09: Billy semantic/text paths in [`api/billy.ts`](../../api/billy.ts#L683) and shared Supabase RPC/search wrappers in [`api/_lib/supabase.ts`](../../api/_lib/supabase.ts#L720). The base knowledge/vector schema begins in [`supabase/migrations/20260311162044_new-migration.sql`](../../supabase/migrations/20260311162044_new-migration.sql#L161).,supabase/migrations/20260311162044_new-migration.sql,,161,161,Direct code path,high,
06-E10-1,06-knowledge-and-memory.md,E10: DI resolves an optional bearer user and only retrieves memory for an identified user in [`api/di.ts`](../../api/di.ts#L176) and [`api/di.ts`](../../api/di.ts#L261).,api/di.ts,,176,176,Configuration-dependent,high,
06-E10-2,06-knowledge-and-memory.md,E10: DI resolves an optional bearer user and only retrieves memory for an identified user in [`api/di.ts`](../../api/di.ts#L176) and [`api/di.ts`](../../api/di.ts#L261).,api/di.ts,,261,261,Configuration-dependent,high,
06-E11–E12-1,06-knowledge-and-memory.md,E11–E12: prompt assembly and Billy memory closeout in [`api/billy.ts`](../../api/billy.ts#L819) and [`api/billy.ts`](../../api/billy.ts#L914); memory retrieval/capture helpers in [`api/_lib/memory.ts`](../../api/_lib/memory.ts#L433).,api/billy.ts,,819,819,Direct code path,high,
06-E11–E12-2,06-knowledge-and-memory.md,E11–E12: prompt assembly and Billy memory closeout in [`api/billy.ts`](../../api/billy.ts#L819) and [`api/billy.ts`](../../api/billy.ts#L914); memory retrieval/capture helpers in [`api/_lib/memory.ts`](../../api/_lib/memory.ts#L433).,api/billy.ts,,914,914,Direct code path,high,
06-E11–E12-3,06-knowledge-and-memory.md,E11–E12: prompt assembly and Billy memory closeout in [`api/billy.ts`](../../api/billy.ts#L819) and [`api/billy.ts`](../../api/billy.ts#L914); memory retrieval/capture helpers in [`api/_lib/memory.ts`](../../api/_lib/memory.ts#L433).,api/_lib/memory.ts,,433,433,Direct code path,high,
07-E01–E02-1,07-persistence-topology.md,E01–E02: [`api/_lib/supabase.ts`](../../api/_lib/supabase.ts) contains shared RPC and table helpers; Billy and DI import them.,api/_lib/supabase.ts,`api/_lib/supabase.ts`,,,Direct code path,high,
07-E03-1,07-persistence-topology.md,E03: [`api/_lib/memory.ts`](../../api/_lib/memory.ts#L433) reads/captures memory; [`api/_lib/supabase.ts`](../../api/_lib/supabase.ts#L868) and later helpers call memory RPC/REST paths.,api/_lib/memory.ts,,433,433,Direct code path,high,
07-E03-2,07-persistence-topology.md,E03: [`api/_lib/memory.ts`](../../api/_lib/memory.ts#L433) reads/captures memory; [`api/_lib/supabase.ts`](../../api/_lib/supabase.ts#L868) and later helpers call memory RPC/REST paths.,api/_lib/supabase.ts,,868,868,Direct code path,high,
07-E04-1,07-persistence-topology.md,"E04: [`scripts/ingest_corpus_v2.py`](../../scripts/ingest_corpus_v2.py#L97) writes processing runs and documents, then upserts knowledge fragments (lines 121–166).",scripts/ingest_corpus_v2.py,,97,97,Direct code path,high,
07-E05-1,07-persistence-topology.md,E05: [`api/di.ts`](../../api/di.ts#L314) upserts session state and inserts memory events.,api/di.ts,,314,314,Direct code path,high,
07-E06–E07-1,07-persistence-topology.md,E06–E07: [`api/codex/_persistence.ts`](../../api/codex/_persistence.ts#L146) persists or holds artifacts/jobs in process-local maps; durable export job writes are at lines 166–190 and updates at 294–317.,api/codex/_persistence.ts,,146,146,Optional/degraded,high,
07-E08-1,07-persistence-topology.md,E08: [`workers/codex/runner.ts`](../../workers/codex/runner.ts) and export routes issue/poll Storage-backed results; configured bucket availability is not verified.,workers/codex/runner.ts,`workers/codex/runner.ts`,,,Configuration-dependent,high,
07-E09-1,07-persistence-topology.md,"E09: the 94 SQL migration filenames and detected DDL anchors are enumerated in [`inventory.json`](inventory.json). Representative contracts include the initial knowledge/search migration, persistent memory migration, DI runtime migration, and vector/index migration.",docs/architecture-atlas/inventory.json,`inventory.json`,,,Direct code path,high,
07-E10-1,07-persistence-topology.md,"E10: [`supabase/visual/CompleteSchema.sql`](../../supabase/visual/CompleteSchema.sql), [`supabase/schema_contract_report.sql`](../../supabase/schema_contract_report.sql), and dated dumps under [`supabase/db_dumps/`](../../supabase/db_dumps/) are retained as reference artifacts, not asserted as current live schema.",supabase/visual/CompleteSchema.sql,`supabase/visual/CompleteSchema.sql`,,,Direct code path,medium,
07-E10-2,07-persistence-topology.md,"E10: [`supabase/visual/CompleteSchema.sql`](../../supabase/visual/CompleteSchema.sql), [`supabase/schema_contract_report.sql`](../../supabase/schema_contract_report.sql), and dated dumps under [`supabase/db_dumps/`](../../supabase/db_dumps/) are retained as reference artifacts, not asserted as current live schema.",supabase/schema_contract_report.sql,`supabase/schema_contract_report.sql`,,,Direct code path,medium,
07-E11-1,07-persistence-topology.md,"E11: [`package.json`](../../package.json) declares Prisma-related scripts/dependencies, but no `prisma/` directory or `PrismaClient` construction was found in the inspected tree. This is not evidence of an active Prisma persistence runtime.",package.json,`package.json`,,,Unresolved,medium,
08-E01–E02-1,08-trainer-and-workers.md,E01–E02: [`api/trainer/_helpers.ts`](../../api/trainer/_helpers.ts#L1) applies founder/admin guards; trainer handlers such as [`api/trainer/agents.ts`](../../api/trainer/agents.ts) use the helper and server persistence layer.,api/trainer/_helpers.ts,,1,1,Direct code path,high,
08-E01–E02-2,08-trainer-and-workers.md,E01–E02: [`api/trainer/_helpers.ts`](../../api/trainer/_helpers.ts#L1) applies founder/admin guards; trainer handlers such as [`api/trainer/agents.ts`](../../api/trainer/agents.ts) use the helper and server persistence layer.,api/trainer/agents.ts,`api/trainer/agents.ts`,,,Direct code path,high,
08-E03–E05-1,08-trainer-and-workers.md,E03–E05: [`api/orchestrator/decide.ts`](../../api/orchestrator/decide.ts#L113) computes a decision/plan; [`api/orchestrator/execute.ts`](../../api/orchestrator/execute.ts#L73) persists run records and returns the plan at lines 118–149. This handler contains no downstream worker invocation.,api/orchestrator/decide.ts,,113,113,Direct code path,high,
08-E03–E05-2,08-trainer-and-workers.md,E03–E05: [`api/orchestrator/decide.ts`](../../api/orchestrator/decide.ts#L113) computes a decision/plan; [`api/orchestrator/execute.ts`](../../api/orchestrator/execute.ts#L73) persists run records and returns the plan at lines 118–149. This handler contains no downstream worker invocation.,api/orchestrator/execute.ts,,73,73,Direct code path,high,
08-E06-1,08-trainer-and-workers.md,"E06: [`api/orchestrator/execute.ts`](../../api/orchestrator/execute.ts) and [`api/orchestrator/decide.ts`](../../api/orchestrator/decide.ts) persist a plan; a bounded repository search found no tracked consumer for the worker-run rows. This is an absence-of-evidence statement for this checkout, not other infrastructure.",api/orchestrator/execute.ts,`api/orchestrator/execute.ts`,,,Unresolved,medium,
08-E06-2,08-trainer-and-workers.md,"E06: [`api/orchestrator/execute.ts`](../../api/orchestrator/execute.ts) and [`api/orchestrator/decide.ts`](../../api/orchestrator/decide.ts) persist a plan; a bounded repository search found no tracked consumer for the worker-run rows. This is an absence-of-evidence statement for this checkout, not other infrastructure.",api/orchestrator/decide.ts,`api/orchestrator/decide.ts`,,,Unresolved,medium,
08-E07–E09-1,08-trainer-and-workers.md,"E07–E09: [`vercel.json`](../../vercel.json#L6) lists four scheduled routes; [`api/cron/codex-drain.ts`](../../api/cron/codex-drain.ts#L43) authorizes cron calls, claims jobs, and calls the runner.",vercel.json,,6,6,Configuration-dependent,high,
08-E07–E09-2,08-trainer-and-workers.md,"E07–E09: [`vercel.json`](../../vercel.json#L6) lists four scheduled routes; [`api/cron/codex-drain.ts`](../../api/cron/codex-drain.ts#L43) authorizes cron calls, claims jobs, and calls the runner.",api/cron/codex-drain.ts,,43,43,Configuration-dependent,high,
08-E10-1,08-trainer-and-workers.md,"E10: [`workers/codex/activities.ts`](../../workers/codex/activities.ts#L22) implements PDF, HTML, and JSON export activities; unsupported formats throw at line 53. [`workers/codex/runner.ts`](../../workers/codex/runner.ts#L116) transitions and executes jobs.",workers/codex/activities.ts,,22,22,Direct code path,high,
08-E10-2,08-trainer-and-workers.md,"E10: [`workers/codex/activities.ts`](../../workers/codex/activities.ts#L22) implements PDF, HTML, and JSON export activities; unsupported formats throw at line 53. [`workers/codex/runner.ts`](../../workers/codex/runner.ts#L116) transitions and executes jobs.",workers/codex/runner.ts,,116,116,Direct code path,high,
08-E11–E12-1,08-trainer-and-workers.md,"E11–E12: [`supabase/config.toml`](../../supabase/config.toml) enables five Edge Functions; implementations are under [`supabase/functions/`](../../supabase/functions/), with shared verification in [`supabase/functions/_shared/auth.ts`](../../supabase/functions/_shared/auth.ts).",supabase/config.toml,`supabase/config.toml`,,,Configuration-dependent,high,
08-E11–E12-2,08-trainer-and-workers.md,"E11–E12: [`supabase/config.toml`](../../supabase/config.toml) enables five Edge Functions; implementations are under [`supabase/functions/`](../../supabase/functions/), with shared verification in [`supabase/functions/_shared/auth.ts`](../../supabase/functions/_shared/auth.ts).",supabase/functions/_shared/auth.ts,`supabase/functions/_shared/auth.ts`,,,Configuration-dependent,high,
08-E13-1,08-trainer-and-workers.md,E13: [`package.json`](../../package.json#L20) declares `trainer:worker` targeting `worker/trainer/main.ts`; no `worker/` tree exists in this snapshot.,package.json,,20,20,Unresolved,high,
08-E14-1,08-trainer-and-workers.md,E14: [`.github/workflows/ingest_corpus_v2.yml`](../../.github/workflows/ingest_corpus_v2.yml) and [`.github/workflows/ingest_agent_files.yml`](../../.github/workflows/ingest_agent_files.yml) invoke ingestion scripts; a checked-in workflow declaration is not a successful job run.,.github/workflows/ingest_corpus_v2.yml,`.github/workflows/ingest_corpus_v2.yml`,,,Configuration-dependent,medium,
08-E14-2,08-trainer-and-workers.md,E14: [`.github/workflows/ingest_corpus_v2.yml`](../../.github/workflows/ingest_corpus_v2.yml) and [`.github/workflows/ingest_agent_files.yml`](../../.github/workflows/ingest_agent_files.yml) invoke ingestion scripts; a checked-in workflow declaration is not a successful job run.,.github/workflows/ingest_agent_files.yml,`.github/workflows/ingest_agent_files.yml`,,,Configuration-dependent,medium,
09-E01–E02-1,09-creation-and-exports.md,E01–E02: [`client/src/lib/genEngineClient.ts`](../../client/src/lib/genEngineClient.ts) selects the remote route and contains local fallback behavior.,client/src/lib/genEngineClient.ts,`client/src/lib/genEngineClient.ts`,,,Optional/degraded,high,
09-E03–E04-1,09-creation-and-exports.md,"E03–E04: [`api/gen-engine/artifacts.ts`](../../api/gen-engine/artifacts.ts#L194) validates/falls back target content, creates the final artifact, then calls `bridgeToCodex` at lines 229–270; bridge errors become warnings.",api/gen-engine/artifacts.ts,,194,194,Configuration-dependent,high,
09-E05–E06-1,09-creation-and-exports.md,E05–E06: [`client/src/components/ArtifactExportBar.tsx`](../../client/src/components/ArtifactExportBar.tsx#L17) posts to `/api/gen-engine/export` and creates a browser download; this does not use the Codex job queue.,client/src/components/ArtifactExportBar.tsx,,17,17,Direct code path,high,
09-E07–E08-1,09-creation-and-exports.md,E07–E08: [`api/codex/_persistence.ts`](../../api/codex/_persistence.ts#L146) updates artifact records and enqueues jobs in Supabase or in-memory maps depending on configuration/artifact origin.,api/codex/_persistence.ts,,146,146,Optional/degraded,high,
09-E09–E10-1,09-creation-and-exports.md,E09–E10: [`api/cron/codex-drain.ts`](../../api/cron/codex-drain.ts#L79) claims pending jobs and invokes [`workers/codex/runner.ts`](../../workers/codex/runner.ts#L116).,api/cron/codex-drain.ts,,79,79,Configuration-dependent,high,
09-E09–E10-2,09-creation-and-exports.md,E09–E10: [`api/cron/codex-drain.ts`](../../api/cron/codex-drain.ts#L79) claims pending jobs and invokes [`workers/codex/runner.ts`](../../workers/codex/runner.ts#L116).,workers/codex/runner.ts,,116,116,Configuration-dependent,high,
09-E11-1,09-creation-and-exports.md,"E11: [`workers/codex/activities.ts`](../../workers/codex/activities.ts#L22) supports PDF, HTML, and JSON; other formats throw as unsupported by the current durable adapter.",workers/codex/activities.ts,,22,22,Direct code path,high,
09-E12-1,09-creation-and-exports.md,E12: [Codex artifact exports route](../../api/codex/artifacts/%5BartifactId%5D/exports.ts) exposes job/export state and download access.,api/codex/artifacts/[artifactId]/exports.ts,Codex artifact exports route,,,Direct code path,high,
09-E13-1,09-creation-and-exports.md,E13: [`client/src/lib/rendering/ArtifactExportViewer.tsx`](../../client/src/lib/rendering/ArtifactExportViewer.tsx) provides a client export viewer; no claim is made that every Codex handler has a user-facing screen wired to it.,client/src/lib/rendering/ArtifactExportViewer.tsx,`client/src/lib/rendering/ArtifactExportViewer.tsx`,,,Direct code path,medium,
10-E01–E03-1,10-voice-and-media.md,"E01–E03: [`client/src/hooks/useBillyVoice.ts`](../../client/src/hooks/useBillyVoice.ts#L27) defines `deepgram`, `browser`, and `disabled` modes; the request and mode branches are at lines 150–250.",client/src/hooks/useBillyVoice.ts,,27,27,Configuration-dependent,high,
10-E04–E06-1,10-voice-and-media.md,"E04–E06: [`api/voice/billy.ts`](../../api/voice/billy.ts#L26) reads configuration without exposing values, resolves the profile at lines 42–74, calls Deepgram at lines 132–145, and returns WAV at lines 149–158.",api/voice/billy.ts,,26,26,Direct code path,high,
10-E07-1,10-voice-and-media.md,E07: the voice route wraps its provider call with `traceBraintrust` in [`api/voice/billy.ts`](../../api/voice/billy.ts#L110).,api/voice/billy.ts,,110,110,Configuration-dependent,medium,
10-E08–E09-1,10-voice-and-media.md,E08–E09: [`api/actions/billy/synthesize.ts`](../../api/actions/billy/synthesize.ts) and [`api/actions/musical-dna/analyze.ts`](../../api/actions/musical-dna/analyze.ts) delegate to the shared action handler.,api/actions/billy/synthesize.ts,`api/actions/billy/synthesize.ts`,,,Direct code path,high,
10-E08–E09-2,10-voice-and-media.md,E08–E09: [`api/actions/billy/synthesize.ts`](../../api/actions/billy/synthesize.ts) and [`api/actions/musical-dna/analyze.ts`](../../api/actions/musical-dna/analyze.ts) delegate to the shared action handler.,api/actions/musical-dna/analyze.ts,`api/actions/musical-dna/analyze.ts`,,,Direct code path,high,
10-E10-1,10-voice-and-media.md,"E10: the Deepgram branch in [`client/src/hooks/useBillyVoice.ts`](../../client/src/hooks/useBillyVoice.ts#L224) catches and exposes errors; browser speech is a separately selected branch, not an automatic provider fallback.",client/src/hooks/useBillyVoice.ts,,224,224,Direct code path,high,
11-E01–E02-1,11-build-deploy-operations.md,E01–E02: [`package.json`](../../package.json#L7) declares `tsc && vite build`; [`vite.config.ts`](../../vite.config.ts#L170) outputs `dist/public`; [`vercel.json`](../../vercel.json#L3) declares the build command/output directory and rewrites.,package.json,,7,7,Configuration-dependent,high,
11-E01–E02-2,11-build-deploy-operations.md,E01–E02: [`package.json`](../../package.json#L7) declares `tsc && vite build`; [`vite.config.ts`](../../vite.config.ts#L170) outputs `dist/public`; [`vercel.json`](../../vercel.json#L3) declares the build command/output directory and rewrites.,vite.config.ts,,170,170,Configuration-dependent,high,
11-E01–E02-3,11-build-deploy-operations.md,E01–E02: [`package.json`](../../package.json#L7) declares `tsc && vite build`; [`vite.config.ts`](../../vite.config.ts#L170) outputs `dist/public`; [`vercel.json`](../../vercel.json#L3) declares the build command/output directory and rewrites.,vercel.json,,3,3,Configuration-dependent,high,
11-E03-1,11-build-deploy-operations.md,"E03: [`vercel.json`](../../vercel.json#L6) defines four schedules: provenance upgrade every two hours, Codex drain every two minutes, profile-portrait drain every five minutes, and monthly profile-portrait cadence.",vercel.json,,6,6,Configuration-dependent,high,
11-E04-1,11-build-deploy-operations.md,E04: [`vite.config.ts`](../../vite.config.ts#L181) configures development proxying; default upstream is external and can be overridden.,vite.config.ts,,181,181,Configuration-dependent,medium,
11-E05-1,11-build-deploy-operations.md,"E05: [`package.json`](../../package.json#L11) runs [`server/index.ts`](../../server/index.ts#L12), which serves static files and a Sentry debug route.",package.json,,11,11,Direct code path,high,
11-E05-2,11-build-deploy-operations.md,"E05: [`package.json`](../../package.json#L11) runs [`server/index.ts`](../../server/index.ts#L12), which serves static files and a Sentry debug route.",server/index.ts,,12,12,Direct code path,high,
11-E06-1,11-build-deploy-operations.md,E06: [`.github/workflows/main_gestaltview.yml`](../../.github/workflows/main_gestaltview.yml) is push-triggered and declares the Azure deployment path. Whether it is the active deployment is unresolved.,.github/workflows/main_gestaltview.yml,`.github/workflows/main_gestaltview.yml`,,,Configuration-dependent,high,
11-E07-1,11-build-deploy-operations.md,E07: manual workflow declarations are in [`.github/workflows/ingest_corpus_v2.yml`](../../.github/workflows/ingest_corpus_v2.yml) and [`.github/workflows/ingest_agent_files.yml`](../../.github/workflows/ingest_agent_files.yml); they were not executed.,.github/workflows/ingest_corpus_v2.yml,`.github/workflows/ingest_corpus_v2.yml`,,,Configuration-dependent,medium,
11-E07-2,11-build-deploy-operations.md,E07: manual workflow declarations are in [`.github/workflows/ingest_corpus_v2.yml`](../../.github/workflows/ingest_corpus_v2.yml) and [`.github/workflows/ingest_agent_files.yml`](../../.github/workflows/ingest_agent_files.yml); they were not executed.,.github/workflows/ingest_agent_files.yml,`.github/workflows/ingest_agent_files.yml`,,,Configuration-dependent,medium,
11-E08–E09-1,11-build-deploy-operations.md,E08–E09: browser telemetry integrations are declared in [`client/src/App.tsx`](../../client/src/App.tsx) and server instrumentation in [`instrument.js`](../../instrument.js) / [`api/_lib/sentry.ts`](../../api/_lib/sentry.ts); delivery was not tested.,client/src/App.tsx,`client/src/App.tsx`,,,Configuration-dependent,medium,
11-E08–E09-2,11-build-deploy-operations.md,E08–E09: browser telemetry integrations are declared in [`client/src/App.tsx`](../../client/src/App.tsx) and server instrumentation in [`instrument.js`](../../instrument.js) / [`api/_lib/sentry.ts`](../../api/_lib/sentry.ts); delivery was not tested.,instrument.js,`instrument.js`,,,Configuration-dependent,medium,
11-E08–E09-3,11-build-deploy-operations.md,E08–E09: browser telemetry integrations are declared in [`client/src/App.tsx`](../../client/src/App.tsx) and server instrumentation in [`instrument.js`](../../instrument.js) / [`api/_lib/sentry.ts`](../../api/_lib/sentry.ts); delivery was not tested.,api/_lib/sentry.ts,`api/_lib/sentry.ts`,,,Configuration-dependent,medium,
11-E10-1,11-build-deploy-operations.md,"E10: [`package.json`](../../package.json#L20) names `worker/trainer/main.ts`, which is absent from the inspected tree.",package.json,,20,20,Unresolved,high,
